{
    "name": "root",
    "metadata": {
        "timer_format_version": "0.1.0",
        "start_time_seconds": "1750861397",
        "python_version": "3.10.12 | packaged by Anaconda, Inc. | (main, Jul  5 2023, 19:01:18) [MSC v.1916 64 bit (AMD64)]",
        "command_line_arguments": "C:\\Users\\Mohammed\\anaconda3\\envs\\mlagents\\Scripts\\mlagents-learn --run-id=turtle1 --force",
        "mlagents_version": "1.1.0",
        "mlagents_envs_version": "1.1.0",
        "communication_protocol_version": "1.5.0",
        "pytorch_version": "2.7.1+cu128",
        "numpy_version": "1.23.5",
        "end_time_seconds": "1750861522"
    },
    "total": 124.76372789999004,
    "count": 1,
    "self": 0.017398799885995686,
    "children": {
        "run_training.setup": {
            "total": 0.06482430000323802,
            "count": 1,
            "self": 0.06482430000323802
        },
        "TrainerController.start_learning": {
            "total": 124.68150480010081,
            "count": 1,
            "self": 0.13377299869898707,
            "children": {
                "TrainerController._reset_env": {
                    "total": 24.614153500064276,
                    "count": 1,
                    "self": 24.614153500064276
                },
                "TrainerController.advance": {
                    "total": 99.47470930125564,
                    "count": 3747,
                    "self": 0.11747920874040574,
                    "children": {
                        "env_step": {
                            "total": 98.60079489753116,
                            "count": 3747,
                            "self": 75.9629431036301,
                            "children": {
                                "SubprocessEnvManager._take_step": {
                                    "total": 22.55481969495304,
                                    "count": 3747,
                                    "self": 0.44197429344058037,
                                    "children": {
                                        "TorchPolicy.evaluate": {
                                            "total": 22.11284540151246,
                                            "count": 3747,
                                            "self": 22.11284540151246
                                        }
                                    }
                                },
                                "workers": {
                                    "total": 0.08303209894802421,
                                    "count": 3746,
                                    "self": 0.0,
                                    "children": {
                                        "worker_root": {
                                            "total": 71.93929879425559,
                                            "count": 3746,
                                            "is_parallel": true,
                                            "self": 33.23410829983186,
                                            "children": {
                                                "steps_from_proto": {
                                                    "total": 0.0005454000784084201,
                                                    "count": 1,
                                                    "is_parallel": true,
                                                    "self": 0.0003279001684859395,
                                                    "children": {
                                                        "_process_rank_one_or_two_observation": {
                                                            "total": 0.00021749990992248058,
                                                            "count": 2,
                                                            "is_parallel": true,
                                                            "self": 0.00021749990992248058
                                                        }
                                                    }
                                                },
                                                "UnityEnvironment.step": {
                                                    "total": 38.704645094345324,
                                                    "count": 3746,
                                                    "is_parallel": true,
                                                    "self": 0.46983899211045355,
                                                    "children": {
                                                        "UnityEnvironment._generate_step_input": {
                                                            "total": 0.4649409019621089,
                                                            "count": 3746,
                                                            "is_parallel": true,
                                                            "self": 0.4649409019621089
                                                        },
                                                        "communicator.exchange": {
                                                            "total": 36.303508499404415,
                                                            "count": 3746,
                                                            "is_parallel": true,
                                                            "self": 36.303508499404415
                                                        },
                                                        "steps_from_proto": {
                                                            "total": 1.4663567008683458,
                                                            "count": 3746,
                                                            "is_parallel": true,
                                                            "self": 0.9168072052998468,
                                                            "children": {
                                                                "_process_rank_one_or_two_observation": {
                                                                    "total": 0.549549495568499,
                                                                    "count": 7492,
                                                                    "is_parallel": true,
                                                                    "self": 0.549549495568499
                                                                }
                                                            }
                                                        }
                                                    }
                                                }
                                            }
                                        }
                                    }
                                }
                            }
                        },
                        "trainer_advance": {
                            "total": 0.7564351949840784,
                            "count": 3746,
                            "self": 0.1380764985224232,
                            "children": {
                                "process_trajectory": {
                                    "total": 0.6183586964616552,
                                    "count": 3746,
                                    "self": 0.6183586964616552
                                }
                            }
                        }
                    }
                },
                "trainer_threads": {
                    "total": 3.00002284348011e-06,
                    "count": 1,
                    "self": 3.00002284348011e-06
                },
                "TrainerController._save_models": {
                    "total": 0.45886600005906075,
                    "count": 1,
                    "self": 0.0023297000443562865,